s1	R01L-10-T	R01L-12-T	R02H-7-T	R02H-8-T	R02H-8-T_bis	R02H-9-T	R07B-1-Ta	R07B-1-Tb	R07B-1-Tc	R07B-1-Td	R07B-2-Tb	R07B-2-Tc	R07B-3-T	R08H-1-T	R08H-2-Ta	R08H-2-Tb	R08H-2-Tc	R08H-3-Ta	R08H-3-Tb	R08H-3-Tc	R09L-2-Ta	R09L-2-Tb	R09L-2-Tc	R09L-3-T	R09L-4-Ta	R09L-4-Tb	R09L-4-Tc	R13L-3-T	R13L-4-T	R13L-5-T	R14B-2-T	R14B-4-T	R15H-1-T	R15H-2-T	R15H-2-T_bis	R15H-3-T	R15H-3-T_old	R15H-6-T	R15H-7-T	R16L-1-T	R16L-2-T	R16L-3-T	R16L-4-T	R16L-5-T
R01L-10-T		0.0	0.0	0.0	0.0	0.0	0.0750664063048363	0.03992786116726621	0.3013368482178975	0.0	0.6044744084488276	0.4921987098868257	0.0	0.0	0.0	0.022067179315121033	0.2529172500556012	0.2398854455492445	0.26491429244624976	0.07021782077121519	0.35449488324321576	0.0	0.0	0.03255193669908785	0.0	0.060908590287576114	0.0	0.3783761581550258	0.06134754714985324	0.0	0.0	0.23648847187226574	0.8090982228199288	0.8758174396855107	0.5431996708903482	0.5826020328597941	0.7272930332680776	0.3342938158173312	0.4248915064091465	0.39319880448933775	0.8454433157479224	0.679428104808139	0.68132800534049	0.8535746189804347
R01L-12-T	0.0		0.407802366482356	0.292433471195346	0.12332899032847378	0.14982784320894038	0.5692622781030119	0.5449515602396202	0.7075258382507241	0.43757508302183745	0.8541741782728582	0.8041262757673533	0.1720525171027385	0.5057378316478971	0.4493907802832193	0.5322602955113624	0.680341669608099	0.6728187020735703	0.6871885704184333	0.5659583890560167	0.7360473661288789	0.48072036651966177	0.4168236891992889	0.5397383499371298	0.36420294616116333	0.55957000760042	0.48076977320354075	0.748434344956497	0.5598725751603342	0.39395231548153853	0.3814699011297784	0.670842883127303	0.934861200594298	0.9586319560932997	0.8274220679604858	0.8447741904018831	0.9040908615994048	0.725365912255211	0.7718422866582837	0.7559950033290197	0.9479516035227664	0.8851945979091593	0.8859578135653259	0.9508335762510305
R02H-7-T	0.0	0.407802366482356		0.0	0.0	0.0	0.2102743719932274	0.17633701599120077	0.421273941800107	0.03623943119368955	0.6849704970264323	0.5897015546597721	0.0	0.12338187737009831	0.050920179492687456	0.15896167449694665	0.3771882854340243	0.36522596046436173	0.3881642325992243	0.20561083202855124	0.4690298796682073	0.09069841851418814	0.010868823704406783	0.16917181176285134	0.0	0.19663961652299422	0.09076214718784614	0.4902684190961202	0.1970631461796266	0.0	0.0	0.3621009497240697	0.8517965771207581	0.9043816676128413	0.6333162240750447	0.6666246120627903	0.7861253646644191	0.4509602704985931	0.5312583152093595	0.5033842719081834	0.8805492382083897	0.7470745160896783	0.7486335097856305	0.8869467465137693
R02H-8-T	0.0	0.292433471195346	0.0		0.0	0.0	0.33211672438258266	0.30038864766073203	0.5233824039123842	0.16643947319197205	0.7487770732489074	0.6690136689668076	0.0	0.2503262834400166	0.18070500120969069	0.2840374613243639	0.48425249709497487	0.4735604863407097	0.49403482552691025	0.32777305512338284	0.5652895879948538	0.21908568114530413	0.14165727650030768	0.29365460481663086	0.08032444003582095	0.31940262339326453	0.21914685365290798	0.5837687330092083	0.31979822146304215	0.11473711569813938	0.10021598025244116	0.4707620594922379	0.8841373622083621	0.9257077610913933	0.7057579626593518	0.7335594211797121	0.8314928033713076	0.5494912166790071	0.6191612641178805	0.5951323454320121	0.9069309920313577	0.7997970016007674	0.8010680253529949	0.9119816865732322
R02H-8-T_bis	0.0	0.12332899032847378	0.0	0.0		0.026997719897367656	0.4796046734176924	0.4520007859510293	0.6400462936855409	0.33217198406929715	0.8169011849698116	0.7557462103459347	0.049779807659969366	0.4078471385741622	0.3451934138772512	0.4376607226352389	0.6080299497643151	0.5992110793691008	0.6160718361140693	0.4758427858280361	0.673891539720463	0.3799153238409003	0.3093998448982669	0.44610447614315474	0.2522020607193214	0.46857816030895805	0.3799703054714847	0.6886723253517408	0.46892195128563396	0.28444320933819056	0.270885049495071	0.596897864851883	0.9172918180337588	0.9472994423099008	0.7841074198238926	0.8053507914372444	0.8787421610026116	0.6611856990376082	0.7167401732242187	0.6977185718545562	0.9337921763596426	0.8552313471711788	0.8561785593156437	0.9374329886894746
R02H-9-T	0.0	0.14982784320894038	0.0	0.0	0.026997719897367656		0.458544291682202	0.43025344480156935	0.6238281943305493	0.30793579735447785	0.8077172402108528	0.7439271519267137	0.02281274675521794	0.38508961844147294	0.3211889939634056	0.4155733516338693	0.590729300788392	0.5816224596114723	0.5990376304931619	0.4546862705137831	0.6588811979795257	0.3565749387114241	0.2847809258037679	0.42421592962515864	0.2267482425299765	0.4472382465993374	0.35663102498585575	0.6742099088342772	0.44759065001526466	0.2594377947922286	0.24568408578692136	0.5792344392237427	0.9129019202615609	0.9444561167669197	0.7734836625889339	0.7956526569146538	0.8724422923441628	0.6457143064370796	0.7033525720765221	0.6835976514232274	0.9302462047954183	0.8478089391245378	0.8488007576767174	0.9340753649054416
R07B-1-Ta	0.0750664063048363	0.5692622781030119	0.2102743719932274	0.33211672438258266	0.4796046734176924	0.458544291682202		0.0	0.23150719823562693	0.0	0.554572111869059	0.4331356201710621	0.0	0.0	0.0	0.0	0.18129279424070188	0.16784141641425965	0.19369983276565939	0.0	0.2870675325656722	0.0	0.0	0.0	0.0	0.0	0.0	0.31217660974486994	0.0	0.0	0.0	0.16433947577004426	0.7814968863788869	0.857100660110339	0.4880333348837631	0.5307472420014929	0.6898914393584381	0.26589996584925557	0.3613503994445504	0.32780798564365576	0.8225815467218478	0.6368420613511936	0.6389400908679967	0.8318059983219412
R07B-1-Tb	0.03992786116726621	0.5449515602396202	0.17633701599120077	0.30038864766073203	0.4520007859510293	0.43025344480156935	0.0		0.26459249404427876	0.0	0.5785090780796165	0.4613372521978205	0.0	0.0	0.0	0.0	0.21516219242167045	0.20189132223278827	0.2273916576903987	0.030375120732190952	0.3190833995030331	0.0	0.0	0.0	0.0	0.02103187758948022	0.0	0.34363992328335247	0.021472281829012285	0.0	0.0	0.19843432260377947	0.7948483850480994	0.8661794558454299	0.5144291614579017	0.5555985342904703	0.7079227206915011	0.2983481981181484	0.39160726606611584	0.3589056133225572	0.8336569999584951	0.6573324308154893	0.6593367205431326	0.8423554172115901
R07B-1-Tc	0.3013368482178975	0.7075258382507241	0.421273941800107	0.5233824039123842	0.6400462936855409	0.6238281943305493	0.23150719823562693	0.26459249404427876		0.0	0.37065196959866475	0.2240998093267903	0.0	0.0	0.0	0.0	0.0	0.0	0.0	0.0	0.059515636407587724	0.0	0.0	0.0	0.0	0.0	0.0	0.08695365026983892	0.0	0.0	0.0	0.0	0.6714742575800106	0.7804552791142925	0.289200999716664	0.3411588478659535	0.5455103336178557	0.03664878455478626	0.14169688510084244	0.10420921519480619	0.730112207470456	0.4754290407401427	0.47816229060649773	0.7434676854111664
R07B-1-Td	0.0	0.43757508302183745	0.03623943119368955	0.16643947319197205	0.33217198406929715	0.30793579735447785	0.0	0.0	0.0		0.6652443881615084	0.5655481411249117	0.0	0.08753383525597491	0.014707889036395416	0.12343330314615342	0.3456739015367445	0.33339926223276417	0.35694590628398126	0.17064289854509762	0.44027395037494954	0.0546385766231261	0.0	0.1337523749478	0.0	0.16155141815890017	0.054702642206583274	0.4622416579222961	0.1619804915924361	0.0	0.0	0.33019443974271545	0.8415341466172843	0.8975590867461707	0.6111022117990894	0.6459910962796853	0.7718756964601405	0.4216110360839018	0.504736319584546	0.47582501172589886	0.8721403313516018	0.7306154426480367	0.7322603401120316	0.8789592140354632
R07B-2-Tb	0.6044744084488276	0.8541741782728582	0.6849704970264323	0.7487770732489074	0.8169011849698116	0.8077172402108528	0.554572111869059	0.5785090780796165	0.37065196959866475	0.6652443881615084		0.0	0.0	0.0	0.0	0.0	0.0	0.0	0.0	0.0	0.0	0.0	0.0	0.0	0.0	0.0	0.0	0.0	0.0	0.0	0.0	0.0	0.40050004267263684	0.5766008341461226	0.0	0.0	0.21917417158224506	0.0	0.0	0.0	0.49282818210803714	0.12719039927041464	0.13066902722844498	0.5146315917773814
R07B-2-Tc	0.4921987098868257	0.8041262757673533	0.5897015546597721	0.6690136689668076	0.7557462103459347	0.7439271519267137	0.4331356201710621	0.4613372521978205	0.2240998093267903	0.5655481411249117	0.0		0.0	0.0	0.0	0.0	0.0	0.0	0.0	0.0	0.0	0.0	0.0	0.0	0.0	0.0	0.0	0.0	0.0	0.0	0.0	0.0	0.5266185630476363	0.6742884357760419	0.06961278740731713	0.12674949812059744	0.36617495969781677	0.0	0.0	0.0	0.6050015448262362	0.2812999262458322	0.2845541925781403	0.6231997965330762
R07B-3-T	0.0	0.1720525171027385	0.0	0.0	0.049779807659969366	0.02281274675521794	0.0	0.0	0.0	0.0	0.0	0.0		0.3654876632438193	0.30057864803385637	0.3965197587568847	0.575674433622561	0.5663239285994852	0.5842084981666302	0.4364001465716427	0.6457750245254041	0.33649943102354474	0.2636812197266687	0.40532573506265535	0.20499588830395754	0.4288004361438831	0.3365564114202413	0.6615725312624652	0.4291599578045786	0.23803384868335709	0.2241275129654059	0.5638726655964983	0.9090202476705107	0.9419380259378332	0.7641546437696509	0.7871270713956797	0.8668829479232534	0.6322144046854641	0.6916374273380632	0.6712529194917902	0.9271080548229318	0.8412670119838892	0.8422978252611073	0.9311033359602248
R08H-1-T	0.0	0.5057378316478971	0.12338187737009831	0.2503262834400166	0.4078471385741622	0.38508961844147294	0.0	0.0	0.0	0.08753383525597491	0.0	0.0	0.3654876632438193		0.0	0.03629158358662332	0.26619462650613235	0.2532563895485549	0.2781013028965784	0.08436928967813562	0.36687922493509806	0.0	0.0	0.04676607021769663	0.0	0.07507929537761293	0.0	0.39050849341968763	0.07551740046548616	0.0	0.0	0.24988301980928562	0.8139587174149123	0.8790927459786544	0.5531579691939432	0.5919284960492766	0.7339300191279379	0.3468788447122595	0.43648714361604335	0.40516668838845504	0.8494554435548181	0.6870189212979039	0.6888821681925439	0.8573919781360011
R08H-2-Ta	0.0	0.4493907802832193	0.050920179492687456	0.18070500120969069	0.3451934138772512	0.3211889939634056	0.0	0.0	0.0	0.014707889036395416	0.0	0.0	0.30057864803385637	0.0		0.10892315792987617	0.33265728651701987	0.3202618087950022	0.34404422215929653	0.15632735941772413	0.42833977573094684	0.03996280241896377	0.0	0.11927913362288045	0.0	0.14719327216148348	0.04002695727460637	0.45059719855513225	0.14762430137725446	0.0	0.0	0.31702617666042165	0.8371882969080895	0.894661806661122	0.6018033453860627	0.6373386673134016	0.7658623842825709	0.4094421009281608	0.493693415844096	0.4643669396769077	0.8685739383321287	0.7236841263549267	0.725364630927509	0.8755703789133429
R08H-2-Tb	0.022067179315121033	0.5322602955113624	0.15896167449694665	0.2840374613243639	0.4376607226352389	0.4155733516338693	0.0	0.0	0.0	0.12343330314615342	0.0	0.0	0.3965197587568847	0.03629158358662332	0.10892315792987617		0.232145715515244	0.21897744416878817	0.24427512381197136	0.048225367108130746	0.33504869003762194	0.0	0.0	0.010492294307695493	0.0	0.038893687230068696	0.0	0.3593091000675239	0.03933361639932875	0.0	0.0	0.21554614891384505	0.8013385552129038	0.8705757210531351	0.5274550341706381	0.5678351601444407	0.7167288545000079	0.3145470252398648	0.406637019657313	0.37438004162342287	0.8390295322223926	0.6673667971395023	0.6693241054274734	0.8474703783005069
R08H-2-Tc	0.2529172500556012	0.680341669608099	0.3771882854340243	0.48425249709497487	0.6080299497643151	0.590729300788392	0.18129279424070188	0.21516219242167045	0.0	0.3456739015367445	0.0	0.0	0.575674433622561	0.26619462650613235	0.33265728651701987	0.232145715515244		0.0	0.012858585551945412	0.0	0.11158182177330822	0.0	0.0	0.0	0.0	0.0	0.0	0.13873560858731038	0.0	0.0	0.0	0.0	0.6992775657926755	0.800138293690621	0.3365142909891441	0.38665903128768386	0.5813036577786237	0.08889229096808715	0.19268012315816208	0.155772638705163	0.7536842594394304	0.5150096418580992	0.5176040874351302	0.7660310130833634
R08H-3-Ta	0.2398854455492445	0.6728187020735703	0.36522596046436173	0.4735604863407097	0.5992110793691008	0.5816224596114723	0.16784141641425965	0.20189132223278827	0.0	0.33339926223276417	0.0	0.0	0.5663239285994852	0.2532563895485549	0.3202618087950022	0.21897744416878817	0.0		0.026727345175990846	0.0	0.1252614404893917	0.0	0.0	0.0	0.0	0.0	0.0	0.15231596570285522	0.0	0.0	0.0	0.0	0.7062989716396393	0.8050748936582632	0.34875958554979736	0.39839543640826247	0.5904156412757511	0.10263923878287717	0.20600297331037942	0.16928033189098657	0.7596150550078651	0.5251311074579024	0.527688288304978	0.7717032242370145
R08H-3-Tb	0.26491429244624976	0.6871885704184333	0.3881642325992243	0.49403482552691025	0.6160718361140693	0.5990376304931619	0.19369983276565939	0.2273916576903987	0.0	0.35694590628398126	0.0	0.0	0.5842084981666302	0.2781013028965784	0.34404422215929653	0.24427512381197136	0.012858585551945412	0.026727345175990846		0.0	0.09886508630502777	0.0	0.0	0.0	0.0	0.0	0.0	0.1261019818704867	0.0	0.0	0.0	0.0	0.692647069024255	0.7954639557441456	0.3250622817213422	0.37566822616903206	0.5727260521702184	0.07612071360906536	0.18026816891246655	0.1432008867922432	0.7480755081807478	0.5054986175465626	0.5081274234415172	0.7606650354214615
R08H-3-Tc	0.07021782077121519	0.5659583890560167	0.20561083202855124	0.32777305512338284	0.4758427858280361	0.4546862705137831	0.0	0.030375120732190952	0.0	0.17064289854509762	0.0	0.0	0.4364001465716427	0.08436928967813562	0.15632735941772413	0.048225367108130746	0.0	0.0	0.0		0.29153388252938717	0.0	0.0	0.0	0.0	0.0	0.0	0.3165691846740444	0.0	0.0	0.0	0.1690783157567881	0.7833870604152973	0.8583888069009697	0.49173786175397516	0.534239437337809	0.6924372428689993	0.27042375549717934	0.36558077174740555	0.3321515427226187	0.824151396952268	0.6397305227989769	0.6418155167433381	0.8333016931611477
R09L-2-Ta	0.35449488324321576	0.7360473661288789	0.4690298796682073	0.5652895879948538	0.673891539720463	0.6588811979795257	0.2870675325656722	0.3190833995030331	0.059515636407587724	0.44027395037494954	0.0	0.0	0.6457750245254041	0.36687922493509806	0.42833977573094684	0.33504869003762194	0.11158182177330822	0.1252614404893917	0.09886508630502777	0.29153388252938717		0.0	0.0	0.0	0.0	0.0	0.0	0.027580747036818565	0.0	0.0	0.0	0.0	0.6374324739430346	0.7560580020864474	0.23370794006099138	0.28748029354252935	0.5023026534004513	0.0	0.08288019229768162	0.0449725017401561	0.7010597869573296	0.4280245568854273	0.4309095350725709	0.7156166191364985
R09L-2-Tb	0.0	0.48072036651966177	0.09069841851418814	0.21908568114530413	0.3799153238409003	0.3565749387114241	0.0	0.0	0.0	0.0546385766231261	0.0	0.0	0.33649943102354474	0.0	0.03996280241896377	0.0	0.0	0.0	0.0	0.0	0.0		0.0	0.07969622145003452	0.0	0.1078649590073788	6.425764148354496e-05	0.41816433433462663	0.10830041517697886	0.0	0.0	0.2806186027254618	0.8248210289227429	0.8863902872662099	0.5756856375857562	0.6129885856236597	0.7488179081081212	0.3756254526167553	0.46286260208697705	0.43242889507769533	0.8584069997077599	0.7040837395322683	0.7058631083679914	0.8659058347126571
R09L-2-Tc	0.0	0.4168236891992889	0.010868823704406783	0.14165727650030768	0.3093998448982669	0.2847809258037679	0.0	0.0	0.0	0.0	0.0	0.0	0.2636812197266687	0.0	0.0	0.0	0.0	0.0	0.0	0.0	0.0	0.0		0.15859459571921297	0.0	0.18616868021541877	0.07997221429560497	0.4819678289328726	0.18659397777788267	0.0	0.0	0.3526199009165518	0.8487858354528304	0.9023828749485088	0.6267616530301965	0.6605416939156805	0.7819376177040958	0.44225913913429027	0.5234117510213896	0.4952249202653227	0.8780841490880213	0.7422324874794379	0.743816950282554	0.8846055806030291
R09L-3-T	0.03255193669908785	0.5397383499371298	0.16917181176285134	0.29365460481663086	0.44610447614315474	0.42421592962515864	0.0	0.0	0.0	0.1337523749478	0.0	0.0	0.40532573506265535	0.04676607021769663	0.11927913362288045	0.010492294307695493	0.0	0.0	0.0	0.0	0.0	0.07969622145003452	0.15859459571921297		0.0	0.02841298780846313	0.0	0.35013681343216674	0.028853229816100168	0.0	0.0	0.20551865016610438	0.7975519822348134	0.8680121418939306	0.519839643410698	0.5606833576351955	0.7115877929588681	0.3050615315946599	0.39784214083886527	0.3653227737416316	0.835895917884143	0.6615065095652821	0.6634913419567092	0.8444871868946611
R09L-4-Ta	0.0	0.36420294616116333	0.0	0.08032444003582095	0.2522020607193214	0.2267482425299765	0.0	0.0	0.0	0.0	0.0	0.0	0.20499588830395754	0.0	0.0	0.0	0.0	0.0	0.0	0.0	0.0	0.0	0.0	0.0		0.24537344441971465	0.14130986981956006	0.5282126581016353	0.24578747498036457	0.034732779718150475	0.020052962402901997	0.4057817274857449	0.865261956057567	0.9132930106780572	0.6630198621187606	0.6941353443225871	0.8049289167728675	0.4908308601961415	0.56703775613633	0.5406531095226252	0.8915552116138763	0.7688670786686751	0.7703094064149705	0.8973954264870336
R09L-4-Tb	0.060908590287576114	0.55957000760042	0.19663961652299422	0.31940262339326453	0.46857816030895805	0.4472382465993374	0.0	0.02103187758948022	0.0	0.16155141815890017	0.0	0.0	0.4288004361438831	0.07507929537761293	0.14719327216148348	0.038893687230068696	0.0	0.0	0.0	0.0	0.0	0.1078649590073788	0.18616868021541877	0.02841298780846313	0.24537344441971465		0.0	0.32495663493797533	0.00044060321700367666	0.0	0.0	0.17814592749095337	0.7869724469989059	0.8608296391537564	0.4987939405919324	0.540887073802605	0.697272494224332	0.27906741912788746	0.37365288182445533	0.3404435599619269	0.8271274557206862	0.6452206874326971	0.6472807427486627	0.8361368034696943
R09L-4-Tc	0.0	0.48076977320354075	0.09076214718784614	0.21914685365290798	0.3799703054714847	0.35663102498585575	0.0	0.0	0.0	0.054702642206583274	0.0	0.0	0.3365564114202413	0.0	0.04002695727460637	0.0	0.0	0.0	0.0	0.0	0.0	6.425764148354496e-05	0.07997221429560497	0.0	0.14130986981956006	0.0		0.4181113114502304	0.10823691077014685	0.0	0.0	0.2805594041001698	0.8248004865763587	0.8863765152815131	0.5756426742339589	0.6129484715325821	0.7487896801838556	0.3755702600416524	0.46281210961575336	0.4323766518260954	0.8583900901848653	0.7040513351167255	0.7058308651666214	0.8658897561008352
R13L-3-T	0.3783761581550258	0.748434344956497	0.4902684190961202	0.5837687330092083	0.6886723253517408	0.6742099088342772	0.31217660974486994	0.34363992328335247	0.08695365026983892	0.4622416579222961	0.0	0.0	0.6615725312624652	0.39050849341968763	0.45059719855513225	0.3593091000675239	0.13873560858731038	0.15231596570285522	0.1261019818704867	0.3165691846740444	0.027580747036818565	0.41816433433462663	0.4819678289328726	0.35013681343216674	0.5282126581016353	0.32495663493797533	0.4181113114502304		0.0	0.0	0.0	0.0	0.6207653174139101	0.7439914441459738	0.20746447575245064	0.26197673944320576	0.48139104124679966	0.0	0.0554261437508452	0.01741335379543174	0.6867580231814898	0.40522761792895867	0.40817992764921285	0.7018892289296939
R13L-4-T	0.06134754714985324	0.5598725751603342	0.1970631461796266	0.31979822146304215	0.46892195128563396	0.44759065001526466	0.0	0.021472281829012285	0.0	0.1619804915924361	0.0	0.0	0.4291599578045786	0.07551740046548616	0.14762430137725446	0.03933361639932875	0.0	0.0	0.0	0.0	0.0	0.10830041517697886	0.18659397777788267	0.028853229816100168	0.24578747498036457	0.00044060321700367666	0.10823691077014685	0.0		0.0	0.0	0.17771927375631558	0.7868046624698395	0.8607154918167124	0.49846288467018596	0.5405752986445762	0.6970460378424437	0.2786610795206321	0.3732737316554646	0.3400539650191319	0.8269882359762326	0.6449634384920686	0.6470246670700397	0.8360041880123015
R13L-5-T	0.0	0.39395231548153853	0.0	0.11473711569813938	0.28444320933819056	0.2594377947922286	0.0	0.0	0.0	0.0	0.0	0.0	0.23803384868335709	0.0	0.0	0.0	0.0	0.0	0.0	0.0	0.0	0.0	0.0	0.0	0.034732779718150475	0.0	0.0	0.0	0.0		0.0	0.3763532430345211	0.856262389620339	0.9073422194707932	0.6430966482398943	0.6756930164677515	0.7923481459714208	0.4640084596451186	0.5429992364087408	0.5156025124747541	0.884202825263585	0.7542771889722368	0.7557979920954137	0.8904160584346474
R14B-2-T	0.0	0.3814699011297784	0.0	0.10021598025244116	0.270885049495071	0.24568408578692136	0.0	0.0	0.0	0.0	0.0	0.0	0.2241275129654059	0.0	0.0	0.0	0.0	0.0	0.0	0.0	0.0	0.0	0.0	0.0	0.020052962402901997	0.0	0.0	0.0	0.0	0.0		0.3888932382561576	0.8601332214967741	0.9099042442517427	0.6516306632582145	0.6835976995650275	0.7977526468158822	0.4754576432719657	0.5532759769111171	0.5263061991859286	0.8873668810529343	0.7605401722678682	0.7620274713626776	0.8934199462155485
R14B-4-T	0.23648847187226574	0.670842883127303	0.3621009497240697	0.4707620594922379	0.596897864851883	0.5792344392237427	0.16433947577004426	0.19843432260377947	0.0	0.33019443974271545	0.0	0.0	0.5638726655964983	0.24988301980928562	0.31702617666042165	0.21554614891384505	0.0	0.0	0.0	0.1690783157567881	0.0	0.2806186027254618	0.3526199009165518	0.20551865016610438	0.4057817274857449	0.17814592749095337	0.2805594041001698	0.0	0.17771927375631558	0.3763532430345211	0.3888932382561576		0.7080991418158213	0.8063383548424705	0.3519188573474099	0.4014207799335392	0.5927565678333782	0.10620125788370105	0.20944886329270118	0.17277627765475478	0.761134184281127	0.5277343617228554	0.5302818415019144	0.7731558097150508
R15H-1-T	0.8090982228199288	0.934861200594298	0.8517965771207581	0.8841373622083621	0.9172918180337588	0.9129019202615609	0.7814968863788869	0.7948483850480994	0.6714742575800106	0.8415341466172843	0.40050004267263684	0.5266185630476363	0.9090202476705107	0.8139587174149123	0.8371882969080895	0.8013385552129038	0.6992775657926755	0.7062989716396393	0.692647069024255	0.7833870604152973	0.6374324739430346	0.8248210289227429	0.8487858354528304	0.7975519822348134	0.865261956057567	0.7869724469989059	0.8248004865763587	0.6207653174139101	0.7868046624698395	0.856262389620339	0.8601332214967741	0.7080991418158213		0.22897848614586458	0.0	0.0	0.0	0.0	0.0	0.0	0.1150331112798475	0.0	0.0	0.14376241725444938
R15H-2-T	0.8758174396855107	0.9586319560932997	0.9043816676128413	0.9257077610913933	0.9472994423099008	0.9444561167669197	0.857100660110339	0.8661794558454299	0.7804552791142925	0.8975590867461707	0.5766008341461226	0.6742884357760419	0.9419380259378332	0.8790927459786544	0.894661806661122	0.8705757210531351	0.800138293690621	0.8050748936582632	0.7954639557441456	0.8583888069009697	0.7560580020864474	0.8863902872662099	0.9023828749485088	0.8680121418939306	0.9132930106780572	0.8608296391537564	0.8863765152815131	0.7439914441459738	0.8607154918167124	0.9073422194707932	0.9099042442517427	0.8063383548424705	0.22897848614586458		0.0	0.0	0.0	0.0	0.0	0.0	0.0	0.0	0.0	0.0
R15H-2-T_bis	0.5431996708903482	0.8274220679604858	0.6333162240750447	0.7057579626593518	0.7841074198238926	0.7734836625889339	0.4880333348837631	0.5144291614579017	0.289200999716664	0.6111022117990894	0.0	0.06961278740731713	0.7641546437696509	0.5531579691939432	0.6018033453860627	0.5274550341706381	0.3365142909891441	0.34875958554979736	0.3250622817213422	0.49173786175397516	0.23370794006099138	0.5756856375857562	0.6267616530301965	0.519839643410698	0.6630198621187606	0.4987939405919324	0.5756426742339589	0.20746447575245064	0.49846288467018596	0.6430966482398943	0.6516306632582145	0.3519188573474099	0.0	0.0		0.05764533777185532	0.30431941402633256	0.0	0.0	0.0	0.5589285030149433	0.2159152059392193	0.21928513908237113	0.5786922258551652
R15H-3-T	0.5826020328597941	0.8447741904018831	0.6666246120627903	0.7335594211797121	0.8053507914372444	0.7956526569146538	0.5307472420014929	0.5555985342904703	0.3411588478659535	0.6459910962796853	0.0	0.12674949812059744	0.7871270713956797	0.5919284960492766	0.6373386673134016	0.5678351601444407	0.38665903128768386	0.39839543640826247	0.37566822616903206	0.534239437337809	0.28748029354252935	0.6129885856236597	0.6605416939156805	0.5606833576351955	0.6941353443225871	0.540887073802605	0.6129484715325821	0.26197673944320576	0.5405752986445762	0.6756930164677515	0.6835976995650275	0.4014207799335392	0.0	0.0	0.05764533777185532		0.2510786473821143	0.0	0.0	0.0	0.517972028383721	0.16026460233791107	0.16370921112579073	0.5390282834450477
R15H-3-T_old	0.7272930332680776	0.9040908615994048	0.7861253646644191	0.8314928033713076	0.8787421610026116	0.8724422923441628	0.6898914393584381	0.7079227206915011	0.5455103336178557	0.7718756964601405	0.21917417158224506	0.36617495969781677	0.8668829479232534	0.7339300191279379	0.7658623842825709	0.7167288545000079	0.5813036577786237	0.5904156412757511	0.5727260521702184	0.6924372428689993	0.5023026534004513	0.7488179081081212	0.7819376177040958	0.7115877929588681	0.8049289167728675	0.697272494224332	0.7487896801838556	0.48139104124679966	0.6970460378424437	0.7923481459714208	0.7977526468158822	0.5927565678333782	0.0	0.0	0.30431941402633256	0.2510786473821143		0.0	0.0	0.0	0.3067922381049677	0.0	0.0	0.33302007028342495
R15H-6-T	0.3342938158173312	0.725365912255211	0.4509602704985931	0.5494912166790071	0.6611856990376082	0.6457143064370796	0.26589996584925557	0.2983481981181484	0.03664878455478626	0.4216110360839018	0.0	0.0	0.6322144046854641	0.3468788447122595	0.4094421009281608	0.3145470252398648	0.08889229096808715	0.10263923878287717	0.07612071360906536	0.27042375549717934	0.0	0.3756254526167553	0.44225913913429027	0.3050615315946599	0.4908308601961415	0.27906741912788746	0.3755702600416524	0.0	0.2786610795206321	0.4640084596451186	0.4754576432719657	0.10620125788370105	0.0	0.0	0.0	0.0	0.0		0.10559646495415098	0.06781944265925133	0.7125290800898034	0.4465610903987711	0.44938862227442367	0.7266171749177248
R15H-7-T	0.4248915064091465	0.7718422866582837	0.5312583152093595	0.6191612641178805	0.7167401732242187	0.7033525720765221	0.3613503994445504	0.39160726606611584	0.14169688510084244	0.504736319584546	0.0	0.0	0.6916374273380632	0.43648714361604335	0.493693415844096	0.406637019657313	0.19268012315816208	0.20600297331037942	0.18026816891246655	0.36558077174740555	0.08288019229768162	0.46286260208697705	0.5234117510213896	0.39784214083886527	0.56703775613633	0.37365288182445533	0.46281210961575336	0.0554261437508452	0.3732737316554646	0.5429992364087408	0.5532759769111171	0.20944886329270118	0.0	0.0	0.0	0.0	0.0	0.10559646495415098		0.0	0.656314046286236	0.35783860225656317	0.3609191610140776	0.6726304359754709
R16L-1-T	0.39319880448933775	0.7559950033290197	0.5033842719081834	0.5951323454320121	0.6977185718545562	0.6835976514232274	0.32780798564365576	0.3589056133225572	0.10420921519480619	0.47582501172589886	0.0	0.0	0.6712529194917902	0.40516668838845504	0.4643669396769077	0.37438004162342287	0.155772638705163	0.16928033189098657	0.1432008867922432	0.3321515427226187	0.0449725017401561	0.43242889507769533	0.4952249202653227	0.3653227737416316	0.5406531095226252	0.3404435599619269	0.4323766518260954	0.01741335379543174	0.3400539650191319	0.5156025124747541	0.5263061991859286	0.17277627765475478	0.0	0.0	0.0	0.0	0.0	0.06781944265925133	0.0		0.6774460848183101	0.39057027322616733	0.39356394034502173	0.6929452217305152
R16L-2-T	0.8454433157479224	0.9479516035227664	0.8805492382083897	0.9069309920313577	0.9337921763596426	0.9302462047954183	0.8225815467218478	0.8336569999584951	0.730112207470456	0.8721403313516018	0.49282818210803714	0.6050015448262362	0.9271080548229318	0.8494554435548181	0.8685739383321287	0.8390295322223926	0.7536842594394304	0.7596150550078651	0.7480755081807478	0.824151396952268	0.7010597869573296	0.8584069997077599	0.8780841490880213	0.835895917884143	0.8915552116138763	0.8271274557206862	0.8583900901848653	0.6867580231814898	0.8269882359762326	0.884202825263585	0.8873668810529343	0.761134184281127	0.1150331112798475	0.0	0.5589285030149433	0.517972028383721	0.3067922381049677	0.7125290800898034	0.656314046286236	0.6774460848183101		0.0	0.0	0.02921240430375116
R16L-3-T	0.679428104808139	0.8851945979091593	0.7470745160896783	0.7997970016007674	0.8552313471711788	0.8478089391245378	0.6368420613511936	0.6573324308154893	0.4754290407401427	0.7306154426480367	0.12719039927041464	0.2812999262458322	0.8412670119838892	0.6870189212979039	0.7236841263549267	0.6673667971395023	0.5150096418580992	0.5251311074579024	0.5054986175465626	0.6397305227989769	0.4280245568854273	0.7040837395322683	0.7422324874794379	0.6615065095652821	0.7688670786686751	0.6452206874326971	0.7040513351167255	0.40522761792895867	0.6449634384920686	0.7542771889722368	0.7605401722678682	0.5277343617228554	0.0	0.0	0.2159152059392193	0.16026460233791107	0.0	0.4465610903987711	0.35783860225656317	0.39057027322616733	0.0		0.0035374193214907645	0.4145778844465384
R16L-4-T	0.68132800534049	0.8859578135653259	0.7486335097856305	0.8010680253529949	0.8561785593156437	0.8488007576767174	0.6389400908679967	0.6593367205431326	0.47816229060649773	0.7322603401120316	0.13066902722844498	0.2845541925781403	0.8422978252611073	0.6888821681925439	0.725364630927509	0.6693241054274734	0.5176040874351302	0.527688288304978	0.5081274234415172	0.6418155167433381	0.4309095350725709	0.7058631083679914	0.743816950282554	0.6634913419567092	0.7703094064149705	0.6472807427486627	0.7058308651666214	0.40817992764921285	0.6470246670700397	0.7557979920954137	0.7620274713626776	0.5302818415019144	0.0	0.0	0.21928513908237113	0.16370921112579073	0.0	0.44938862227442367	0.3609191610140776	0.39356394034502173	0.0	0.0035374193214907645		0.41164415602441773
R16L-5-T	0.8535746189804347	0.9508335762510305	0.8869467465137693	0.9119816865732322	0.9374329886894746	0.9340753649054416	0.8318059983219412	0.8423554172115901	0.7434676854111664	0.8789592140354632	0.5146315917773814	0.6231997965330762	0.9311033359602248	0.8573919781360011	0.8755703789133429	0.8474703783005069	0.7660310130833634	0.7717032242370145	0.7606650354214615	0.8333016931611477	0.7156166191364985	0.8659058347126571	0.8846055806030291	0.8444871868946611	0.8973954264870336	0.8361368034696943	0.8658897561008352	0.7018892289296939	0.8360041880123015	0.8904160584346474	0.8934199462155485	0.7731558097150508	0.14376241725444938	0.0	0.5786922258551652	0.5390282834450477	0.33302007028342495	0.7266171749177248	0.6726304359754709	0.6929452217305152	0.02921240430375116	0.4145778844465384	0.41164415602441773	
